Job Title,Company,Location,Salary
Business Analyst,Jackson Ventures,Jakarta Raya(Jarak jauh),"Rp 7,000,000 – Rp 8,000,000 per month"
Search Engine Optimization (SEO) Analyst,CV POLAR GLOBAL,Jawa Tengah(Jarak jauh),Rp 4.000.000 per month
Portfolio Revenue Analyst,IHG Hotels & Resorts,Jakarta Raya(Jarak jauh),Gaji tidak dicantumkan
SEO & Local SEO Strategist,Process Flow SRL,N/A,"Rp 8,000,000 – Rp 12,000,000 per month"
Product Analyst,Tripledot Studios,Jakarta Raya(Jarak jauh),Gaji tidak dicantumkan
Remote Analyst,Recruit.Com.Sg Pte. Ltd.,Jakarta Raya(Jarak jauh),"Rp 10,600,000 per month"
Scrum Master - Banking Domain,CSG International Sdn. Bhd.,Jakarta Raya(Jarak jauh),Gaji tidak dicantumkan
Oracle APEX (Freelance),PT Solusi Integrasi Persada (Solinda),Jakarta Raya(Jarak jauh),Gaji tidak dicantumkan
Data Engineer,Ohmyhome Property Inc.,N/A,"Rp 8,000,000 – Rp 11,000,000 per month"
Agricultural Data and Analytics Specialist,Meridia Land,Indonesia(Jarak jauh),Gaji tidak dicantumkan
Finance & Costing Analyst,UBI Logistic (Australia) Pty Ltd,Jakarta Raya(Jarak jauh),"Rp 6,000,000 – Rp 9,000,000 per month"
Senior Business Analyst,PT. Mitra Analitika Solusi,Jakarta Raya(Jarak jauh),Gaji tidak dicantumkan
Trading Analyst (Pilot),TurnkeyID,N/A,Rp 4.000.000 – Rp 6.000.000 per month
ERP Functional Consultant,Talent Search Recruitment Consultant,Jakarta Raya(Jarak jauh),Gaji tidak dicantumkan
Master Data Admin,ASSA Rent (Jakarta),diASSA Rent (Jakarta),Gaji tidak dicantumkan
Senior Performance Marketing Analyst,KPI Media,Jakarta Raya(Jarak jauh),Gaji tidak dicantumkan
Chartist - Market Research (Freelance),Populix,"Kalideres,Jakarta Raya(Jarak jauh)",Gaji tidak dicantumkan
(JRFP) Junior Research Fellow,European Institute of Policy Research and Human Rights SIA,Jakarta Raya(Jarak jauh),Gaji tidak dicantumkan
"Lowongan Kerja Senior Analyst, Research",PT Jones Lang LaSalle,Jakarta Raya(Jarak jauh),Gaji tidak dicantumkan
"SEO Specialist (Jakarta, ID)",Cartrack Technologies Indonesia,diCartrack Technologies Indonesia,Gaji tidak dicantumkan
Marketing Analyst for Personal Care DTC Brand (EU-Based/Remote),Paired Recruiting,Indonesia(Jarak jauh),Gaji tidak dicantumkan
Search Engine Optimization Specialist,PT Hashmicro Solusi Indonesia,diPT Hashmicro Solusi Indonesia,Gaji tidak dicantumkan
Website & SEO Specialist,PT Apex Nusantara Indo,Jakarta Raya(Jarak jauh),Gaji tidak dicantumkan
CRM Manager,"Distributor pupuk cair berkualitas untuk sawit, hortikultura, dan tanaman hias.","Surabaya,Jawa Timur(Jarak jauh)",Rp 4.500.000 – Rp 5.000.000 per month
"Search Engine Optimization (SEO) Specialist (Investment, Forex Industry)",IBM,N/A,Gaji tidak dicantumkan
Business Development Executive,CMLabs,Jakarta Raya(Jarak jauh),Gaji tidak dicantumkan
